{"cameraMode":{"drawMode":0,"name":"Shaded","section":"Shading Mode"},"sceneLighting":false,"audioPlay":false,"sceneViewState":{"m_AlwaysRefresh":false,"showFog":true,"showSkybox":false,"showFlares":true,"showImageEffects":true,"showParticleSystems":true,"showVisualEffectGraphs":true,"m_FxEnabled":true},"in2DMode":false,"pivot":{"x":468.13629150390627,"y":220.10696411132813,"z":18.143951416015626},"rotation":{"x":0.044981520622968677,"y":-0.011708954349160195,"z":-0.0005695980507880449,"w":-0.9989335536956787},"size":129.1998748779297,"orthographic":false}