{"cameraMode":{"drawMode":0,"name":"Shaded","section":"Shading Mode"},"sceneLighting":false,"audioPlay":false,"sceneViewState":{"m_AlwaysRefresh":false,"showFog":true,"showSkybox":false,"showFlares":true,"showImageEffects":true,"showParticleSystems":true,"showVisualEffectGraphs":true,"m_FxEnabled":true},"in2DMode":false,"pivot":{"x":1.7418651580810547,"y":4.121599197387695,"z":6.0384626388549809},"rotation":{"x":0.36264297366142275,"y":-0.03633132204413414,"z":0.014150220900774002,"w":0.9311127066612244},"size":16.47429847717285,"orthographic":false}